USE getaroom;

INSERT INTO Users (Id, FirstName, LastName, PhoneNumber, Email, HashedPassword)
VALUES 
('f47ac10b-58cc-4372-a567-0e02b2c3d471', 'Sarah', 'Connor', '22234354', 'sarah@example.com', '$2a$11$xOKl0QgBIZ/TzHtkmrtWdOveOWAt0qLyyAQ0Vp/loitFkVx7vsk/.'),
('d75a97de-58cc-4c56-bd74-95f12dbaf2da', 'John', 'Doe', '76354736', 'john.doe@example.com', '$2a$11$Iy/bewSS6OsYH.PJvpsrE.Xx/CtdNGTFoesUpv4nIxf9lZXrbCdSe'),
('b47ac10b-58cc-4372-a567-0e02b2c3d473', 'Jane', 'Smith', '76530989', 'jane.smith@example.com', '$2a$11$OSPdFYdWkxACkKDUu5tO9Ou0PoGwsFTxuHd8X3fS7Xgmb5ebsL4US'),
('c47ac10b-58cc-4372-a567-0e02b2c3d474', 'Emily', 'Jones', '66634567', 'emily.jones@example.com', '$2a$11$rBw9T0zUQqUferEMib/.sOIKlgAkr/h3CkhMa7XVu5cIUnTOsq6IO'),
('8b20ac67-80ff-4ac4-a5f4-564c0a254e30', 'Michael', 'Brown', '54567890', 'michael.brown@example.com', '$2a$11$jkPXMZoTskOTKZVLqFSuTeLqTFpsh1C4aPj6nd6eRpjvYAk0MT.bu'),
('6d7b1ca5-54f6-4859-a746-fc712d564128', 'Linda', 'Davis', '44458901', 'linda.davis@example.com', '$2a$11$Z/17/Rh59./gBg/2dNbQQuobnlLUu2oCoi2cM1IQ.yAuW72b.5vy2'),
('f7d235c9-8e5f-4db1-a64a-bae96f3e2e1e', 'Chris', 'Miller', '33369012', 'chris.miller@example.com', '$2a$11$04bUDN6SxWMG4XV.UGVO8OGJgkmDeA8C6kJGkbueBbnrv3twivpsO'),
('0eada259-0a95-4c55-9e87-888c1c45c601', 'Patricia', 'Wilson', '27890123', 'patricia.wilson@example.com', '$2a$11$/uwSS38JYYnyvYGuPFwPvuOEQw6NuFI1Jl8x7IWCNpEZPOjt0oukK'),
('69d8924d-f13d-44a5-b52f-6170c5cf702d', 'David', 'Moore', '11189012', 'david.moore@example.com', '$2a$11$RZcxdki29UJhxla5zs/NquZE7xmHm37cZnxwnmikV2TKuG03xxAl6'),
('e84ab3e6-5e7b-4c03-a8c0-155123f9f2e7', 'Jennifer', 'Taylor', '79012345', 'jennifer.taylor@example.com', '$2a$11$u4R1AqHAiuwqdL0w3fstGecA6zGEKCMx6BxaKPg5Lxr3OXwJbdeLu'),
('a47ac10b-58cc-4372-a567-0e02b2c3d481', 'Steven', 'Anderson', '30123456', 'steven.anderson@example.com', '$2a$11$D2l0nFOPTTVoJCn2xvbENOpe2xSU2AbiFmL2CoUaRufqvgk5LRQOK'),
('b47ac10b-58cc-4372-a567-0e02b2c3d482', 'Laura', 'Thomas', '43212367', 'laura.thomas@example.com', '$2a$11$5wIz3cZ/qJLwgjozR2w04.T0AEkGBIs91uW056HT7XPFessVtT5Ru'),
('c47ac10b-58cc-4372-a567-0e02b2c3d483', 'Brian', 'Jackson', '54323478', 'brian.jackson@example.com', '$2a$11$r5NYLIwUWNR8OQ9GuOF.HekJzeddZTefUqk9JwcjQlpl1NttqvotG'),
('d47ac10b-58cc-4372-a567-0e02b2c3d484', 'Lisa', 'White', '63456789', 'lisa.white@example.com', '$2a$11$klm08B1l7bU/V3dvxiZ/ku9GaIaGazu.6Z640xy9a6quBDT1xOcee'),
('e47ac10b-58cc-4372-a567-0e02b2c3d485', 'Kevin', 'Harris', '76545670', 'kevin.harris@example.com', '$2a$11$A7p/haAt5PGrjHOwsIXZ3.ieYgV.ZB3jipm1RJmQWEZsFHuAf9s/2'),
('f57ac10b-58cc-4372-a567-0e02b2c3d486', 'James', 'Wilson', '55567890', 'james.wilson@example.com', '$2a$11$l6NCx6iHs82oEDuKzvxmAO5Xwx0U/Cilthb4MM.f6o46LI9ePd5TW'),
('e67ac10b-58cc-4372-a567-0e02b2c3d487', 'Anna', 'Scott', '54456789', 'anna.scott@example.com', ' $2a$11$mv787ji9WdpovIJFK/kq6.zekNvm18T9eh.HaR3cGGnhlAy.nTqWC'),
('d77ac10b-58cc-4372-a567-0e02b2c3d488', 'Peter', 'Brown', '53345678', 'peter.brown@example.com', '$2a$11$Q5fM1wioJTOhqyXKtAYxuurcKB40vYEjijnxn5TEjpLD23B1LnzAC'),
('c87ac10b-58cc-4372-a567-0e02b2c3d489', 'Laura', 'Taylor', '52234567', 'laura.taylor@example.com', '$2a$11$w4WM5Wt4w0FeB.IyKLndqO8F8Ws/GWxqwGhOg642pLeuqFP3ZfhUq'),
('b97ac10b-58cc-4372-a567-0e02b2c3d490', 'Sophie', 'Martin', '51123456', 'sophie.martin@example.com', '$2a$11$YqD6pHoI9TMpq6fb7cOyN.TOH1q08q6V/hYGf4c/BS7y0s3ihntXS'),
('a07ac10b-58cc-4372-a567-0e02b2c3d491', 'Nathan', 'Harris', '50012345', 'nathan.harris@example.com', '$2a$11$4JY5x9El8g.BPkUuTrb1Y.Aj7UI.GWleWh4oFuXbXXC6rsRALEAn.'),
('997ac10b-58cc-4372-a567-0e02b2c3d492', 'Isabella', 'Moore', '48901234', 'isabella.moore@example.com', '$2a$11$a/c8ECeDJXnCNURLvQ64UeLxK1DHMnNg6VxkpStBSI6y64Hd2rjIe'),
('887ac10b-58cc-4372-a567-0e02b2c3d493', 'Ethan', 'King', '47890123', 'ethan.king@example.com', '$2a$11$E3dJxh95KINNHz3nt5ikvO6Em8XR9cmGl7/yQGduupTiwX9RguX.y'),
('777ac10b-58cc-4372-a567-0e02b2c3d494', 'Emily', 'Allen', '46789012', 'emily.allen@example.com', '$2a$11$64YPkofru0Yey9ddIuUfIu.mAlbBqqwEz1AbqT5d9YORJPt8rp3qC'),
('667ac10b-58cc-4372-a567-0e02b2c3d495', 'Oliver', 'Young', '45678901', 'oliver.young@example.com', '$2a$11$2mS0I8O08IYq6poWBCMh5uxp5jaM.FKdh2k9oQ/RbasUWRbbu.IqG');

INSERT INTO UserRoles (UserId, RoleName)
VALUES    
    ('f47ac10b-58cc-4372-a567-0e02b2c3d471', "Admin"),  
    ('f47ac10b-58cc-4372-a567-0e02b2c3d471', "Employee"),  
    ('d75a97de-58cc-4c56-bd74-95f12dbaf2da', "Employee"),  
    ('d75a97de-58cc-4c56-bd74-95f12dbaf2da', "Client"),  
    ('b47ac10b-58cc-4372-a567-0e02b2c3d473', "Employee"),  
    ('c47ac10b-58cc-4372-a567-0e02b2c3d474', "Employee"),  
    ('8b20ac67-80ff-4ac4-a5f4-564c0a254e30', "Employee"),  
    ('6d7b1ca5-54f6-4859-a746-fc712d564128', "Employee"),  
    ('f7d235c9-8e5f-4db1-a64a-bae96f3e2e1e', "Employee"),  
    ('0eada259-0a95-4c55-9e87-888c1c45c601', "Employee"),  
    ('69d8924d-f13d-44a5-b52f-6170c5cf702d', "Employee"),  
    ('e84ab3e6-5e7b-4c03-a8c0-155123f9f2e7', "Employee"),  
    ('a47ac10b-58cc-4372-a567-0e02b2c3d481', "Employee"),  
    ('b47ac10b-58cc-4372-a567-0e02b2c3d482', "Employee"),  
    ('c47ac10b-58cc-4372-a567-0e02b2c3d483', "Client"),  
    ('d47ac10b-58cc-4372-a567-0e02b2c3d484', "Client"),  
    ('e47ac10b-58cc-4372-a567-0e02b2c3d485', "Client"),  
    ('f57ac10b-58cc-4372-a567-0e02b2c3d486', "Client"),  
    ('e67ac10b-58cc-4372-a567-0e02b2c3d487', "Client"),  
    ('d77ac10b-58cc-4372-a567-0e02b2c3d488', "Client"),  
    ('c87ac10b-58cc-4372-a567-0e02b2c3d489', "Client"),  
    ('b97ac10b-58cc-4372-a567-0e02b2c3d490', "Client"),  
    ('a07ac10b-58cc-4372-a567-0e02b2c3d491', "Client"),  
    ('997ac10b-58cc-4372-a567-0e02b2c3d492', "Client"),  
    ('887ac10b-58cc-4372-a567-0e02b2c3d493', "Client"),  
    ('777ac10b-58cc-4372-a567-0e02b2c3d494', "Client"),  
    ('667ac10b-58cc-4372-a567-0e02b2c3d495', "Client");  
    
INSERT INTO userregistrationtokens (Id, UserId, TokenString, DateCreated, DateExpired, IsConfirmed)
VALUES
('d1a7f5de-9e1d-4c20-83a1-23456789abcd', 'f47ac10b-58cc-4372-a567-0e02b2c3d471', 'e2b8f6ef-af2e-4d30-94b2-3456789abcde', '2025-03-26 10:00:00', '2025-03-27 10:00:00', 1),
('a2c3d4e5-f6a7-4b8c-9d0e-456789abcdef', 'd75a97de-58cc-4c56-bd74-95f12dbaf2da', 'b3c4d5e6-f7a8-4c9d-0e1f-56789abcdef0', '2025-03-26 10:00:00', '2025-03-27 10:00:00', 1),
('c3d4e5f6-a7b8-4c9d-0e1f-6789abcdef01', 'b47ac10b-58cc-4372-a567-0e02b2c3d473', 'd4e5f6a7-b8c9-4d0e-1f2a-789abcdef012', '2025-03-26 10:00:00', '2025-03-27 10:00:00', 1),
('e5f6a7b8-c9d0-4e1f-2a3b-89abcdef0123', 'c47ac10b-58cc-4372-a567-0e02b2c3d474', 'f6a7b8c9-d0e1-4f2a-3b4c-abcdef012345', '2025-03-26 10:00:00', '2025-03-27 10:00:00', 1),
('f7a8b9c0-d1e2-4f3a-5b6c-abcdef012346', '8b20ac67-80ff-4ac4-a5f4-564c0a254e30', 'a8b9c0d1-e2f3-4a5b-6c7d-bcdef0123467', '2025-03-26 10:00:00', '2025-03-27 10:00:00', 1),
('01234567-89ab-cdef-0123-456789abcdef', '6d7b1ca5-54f6-4859-a746-fc712d564128', '12345678-9abc-def0-1234-56789abcdef0', '2025-03-26 10:00:00', '2025-03-27 10:00:00', 1),
('89abcdef-0123-4567-89ab-cdef01234567', 'f7d235c9-8e5f-4db1-a64a-bae96f3e2e1e', '9abcdef0-1234-5678-9abc-def012345678', '2025-03-26 10:00:00', '2025-03-27 10:00:00', 1),
('abcdef01-2345-6789-abcd-ef0123456789', '0eada259-0a95-4c55-9e87-888c1c45c601', 'bcdef012-3456-789a-bcde-f0123456789a', '2025-03-26 10:00:00', '2025-03-27 10:00:00', 1),
('bcdef012-3456-789a-bcde-f0123456789a', '69d8924d-f13d-44a5-b52f-6170c5cf702d', 'cdef0123-4567-89ab-cdef-123456789abc', '2025-03-26 10:00:00', '2025-03-27 10:00:00', 1),
('cdef0123-4567-89ab-cdef-123456789abc', 'e84ab3e6-5e7b-4c03-a8c0-155123f9f2e7', 'def01234-5678-9abc-def0-23456789abcd', '2025-03-26 10:00:00', '2025-03-27 10:00:00', 1),
('def01234-5678-9abc-def0-23456789abcd', 'a47ac10b-58cc-4372-a567-0e02b2c3d481', 'ef012345-6789-abcd-ef01-3456789abcde', '2025-03-26 10:00:00', '2025-03-27 10:00:00', 1),
('ef012345-6789-abcd-ef01-3456789abcde', 'b47ac10b-58cc-4372-a567-0e02b2c3d482', 'f0123456-789a-bcde-f012-456789abcdef', '2025-03-26 10:00:00', '2025-03-27 10:00:00', 1),
('f0123456-789a-bcde-f012-456789abcdef', 'c47ac10b-58cc-4372-a567-0e02b2c3d483', '01234567-89ab-cdef-0123-56789abcdef0', '2025-03-26 10:00:00', '2025-03-27 10:00:00', 1),
('10234567-89ab-cdef-0123-456789abcdea', 'd47ac10b-58cc-4372-a567-0e02b2c3d484', '11234567-89ab-cdef-0123-456789abcdeb', '2025-03-26 10:00:00', '2025-03-27 10:00:00', 1),
('21234567-89ab-cdef-0123-456789abcdec', 'e47ac10b-58cc-4372-a567-0e02b2c3d485', '31234567-89ab-cdef-0123-456789abcded', '2025-03-26 10:00:00', '2025-03-27 10:00:00', 1),
('41234567-89ab-cdef-0123-456789abcdee', 'f57ac10b-58cc-4372-a567-0e02b2c3d486', '51234567-89ab-cdef-0123-456789abcdef', '2025-03-26 10:00:00', '2025-03-27 10:00:00', 1),
('61234567-89ab-cdef-0123-456789abcdef', 'e67ac10b-58cc-4372-a567-0e02b2c3d487', '71234567-89ab-cdef-0123-456789abcdea', '2025-03-26 10:00:00', '2025-03-27 10:00:00', 1),
('81234567-89ab-cdef-0123-456789abcdea', 'd77ac10b-58cc-4372-a567-0e02b2c3d488', '91234567-89ab-cdef-0123-456789abcded', '2025-03-26 10:00:00', '2025-03-27 10:00:00', 1),
('91234567-89ab-cdef-0123-456789abcded', 'c87ac10b-58cc-4372-a567-0e02b2c3d489', 'a1234567-89ab-cdef-0123-456789abcdee', '2025-03-26 10:00:00', '2025-03-27 10:00:00', 1),
('a1234567-89ab-cdef-0123-456789abcdee', 'b97ac10b-58cc-4372-a567-0e02b2c3d490', 'b1234567-89ab-cdef-0123-456789abcdef', '2025-03-26 10:00:00', '2025-03-27 10:00:00', 1),
('b1234567-89ab-cdef-0123-456789abcdef', 'a07ac10b-58cc-4372-a567-0e02b2c3d491', 'c1234567-89ab-cdef-0123-456789abcdea', '2025-03-26 10:00:00', '2025-03-27 10:00:00', 1),
('c1234567-89ab-cdef-0123-456789abcdea', '997ac10b-58cc-4372-a567-0e02b2c3d492', 'd1234567-89ab-cdef-0123-456789abcded', '2025-03-26 10:00:00', '2025-03-27 10:00:00', 1),
('d1234567-89ab-cdef-0123-456789abcded', '887ac10b-58cc-4372-a567-0e02b2c3d493', 'e1234567-89ab-cdef-0123-456789abcdee', '2025-03-26 10:00:00', '2025-03-27 10:00:00', 1),
('e1234567-89ab-cdef-0123-456789abcdee', '777ac10b-58cc-4372-a567-0e02b2c3d494', 'f1234567-89ab-cdef-0123-456789abcdef', '2025-03-26 10:00:00', '2025-03-27 10:00:00', 1),
('f1234567-89ab-cdef-0123-456789abcdef', '667ac10b-58cc-4372-a567-0e02b2c3d495', '0123abcd-4567-89ab-cdef-0123456789ab', '2025-03-26 10:00:00', '2025-03-27 10:00:00', 1);
   
    
INSERT INTO Rooms (Id, RoomName, Capacity, MonitorAvailable)
VALUES
    ('123a4567-b89b-1263-a456-426614174001', 'Conference Room A', 20, 3),
    ('223b5678-c89b-1364-b567-426614174002', 'Meeting Room A', 10, 1),
    ('323c6789-d89d-1465-c678-426614174003', 'Meeting Room B', 8, 1),
    ('323c6789-d89d-1465-c678-426614174004', 'Meeting Room C', 6, 1),
    ('423d7890-c89c-1364-c567-426614174005', 'Meeting Room D', 4, 0),
    ('523e8901-a89a-1262-a456-426614174006', 'Meeting Room E', 6, 0),
    ('623b9012-b89b-1353-b678-426614174007', 'Meeting Room F', 10, 1),
    ('723c0123-d89d-1464-d567-426614174008', 'Board Room G', 12, 2);
    
INSERT INTO RoomReservations (Id, UserId, RoomId, StartTime, EndTime
) VALUES 
    ('11111111-2222-3333-4444-555555555555', 'f47ac10b-58cc-4372-a567-0e02b2c3d471', '123a4567-b89b-1263-a456-426614174001', '2025-01-15 10:00:00', '2025-01-15 11:00:00'),
    ('11111111-2222-3333-4444-555555555556', 'f57ac10b-58cc-4372-a567-0e02b2c3d486', '123a4567-b89b-1263-a456-426614174001', '2025-01-15 12:00:00', '2025-01-15 13:00:00'),
    ('11111111-2222-3333-4444-555555555557', 'e67ac10b-58cc-4372-a567-0e02b2c3d487', '223b5678-c89b-1364-b567-426614174002', '2025-01-16 10:00:00', '2025-01-16 11:00:00'),
    ('11111111-2222-3333-4444-555555555558', 'd77ac10b-58cc-4372-a567-0e02b2c3d488', '323c6789-d89d-1465-c678-426614174003', '2025-01-17 14:00:00', '2025-01-17 15:00:00'),
    ('11111111-2222-3333-4444-555555555559', 'c87ac10b-58cc-4372-a567-0e02b2c3d489', '323c6789-d89d-1465-c678-426614174004', '2025-01-18 09:00:00', '2025-01-18 10:00:00'),
    ('11111111-2222-3333-4444-555555555560', 'b97ac10b-58cc-4372-a567-0e02b2c3d490', '423d7890-c89c-1364-c567-426614174005', '2025-01-19 11:00:00', '2025-01-19 12:00:00'),
    ('11111111-2222-3333-4444-555555555561', 'a07ac10b-58cc-4372-a567-0e02b2c3d491', '523e8901-a89a-1262-a456-426614174006', '2025-01-20 13:00:00', '2025-01-20 14:00:00'),
    ('11111111-2222-3333-4444-555555555562', '997ac10b-58cc-4372-a567-0e02b2c3d492', '623b9012-b89b-1353-b678-426614174007', '2025-01-21 15:00:00', '2025-01-21 16:00:00'),
    ('11111111-2222-3333-4444-555555555563', '887ac10b-58cc-4372-a567-0e02b2c3d493', '723c0123-d89d-1464-d567-426614174008', '2025-01-22 08:00:00', '2025-01-22 09:00:00'),
    ('11111111-2222-3333-4444-555555555564', '777ac10b-58cc-4372-a567-0e02b2c3d494', '223b5678-c89b-1364-b567-426614174002', '2025-01-23 17:00:00', '2025-01-23 18:00:00'),
    ('11111111-2222-3333-4444-555555555565', '667ac10b-58cc-4372-a567-0e02b2c3d495', '323c6789-d89d-1465-c678-426614174004', '2025-01-24 10:00:00', '2025-01-24 11:00:00'),
    ('11111111-2222-3333-4444-555555555566', 'c87ac10b-58cc-4372-a567-0e02b2c3d489', '323c6789-d89d-1465-c678-426614174004', '2025-01-25 12:00:00', '2025-01-25 13:00:00'),
    ('11111111-2222-3333-4444-555555555567', '887ac10b-58cc-4372-a567-0e02b2c3d493', '223b5678-c89b-1364-b567-426614174002', '2025-01-26 14:00:00', '2025-01-26 15:00:00'),
    ('11111111-2222-3333-4444-555555555568', 'd77ac10b-58cc-4372-a567-0e02b2c3d488', '323c6789-d89d-1465-c678-426614174003', '2025-01-27 08:00:00', '2025-01-27 09:00:00'),
    ('11111111-2222-3333-4444-555555555569', 'f47ac10b-58cc-4372-a567-0e02b2c3d471', '323c6789-d89d-1465-c678-426614174004', '2025-01-28 09:00:00', '2025-01-28 10:00:00'),
    ('11111111-2222-3333-4444-555555555570', 'f47ac10b-58cc-4372-a567-0e02b2c3d471', '423d7890-c89c-1364-c567-426614174005', '2025-01-29 11:00:00', '2025-01-29 12:00:00'),    
    ('11111111-2222-3333-4444-555555555571', 'f57ac10b-58cc-4372-a567-0e02b2c3d486', '523e8901-a89a-1262-a456-426614174006', '2025-01-30 13:00:00', '2025-01-30 14:00:00'),
    ('11111111-2222-3333-4444-555555555572', '887ac10b-58cc-4372-a567-0e02b2c3d493', '623b9012-b89b-1353-b678-426614174007', '2025-01-31 15:00:00', '2025-01-31 16:00:00'),
    ('11111111-2222-3333-4444-555555555573', '667ac10b-58cc-4372-a567-0e02b2c3d495', '723c0123-d89d-1464-d567-426614174008', '2025-02-01 08:00:00', '2025-02-01 09:00:00'),
    ('11111111-2222-3333-4444-555555555574', '6d7b1ca5-54f6-4859-a746-fc712d564128', '423d7890-c89c-1364-c567-426614174005', '2025-02-02 17:00:00', '2025-02-02 18:00:00');
